Wk,Day,Date,Time,Home,Score,Away,Attendance,Venue,Referee,Match Report,Notes
1,Fri,2019-08-02,19:45 (13:45),Luton Town,,Middlesbrough,,Kenilworth Road Stadium,,,
1,Sat,2019-08-03,15:00 (09:00),Barnsley,,Fulham,,Oakwell Stadium,,,
1,Sat,2019-08-03,15:00 (09:00),Blackburn,,Charlton Ath,,Ewood Park,,,
1,Sat,2019-08-03,15:00 (09:00),Reading,,Sheffield Weds,,Madejski Stadium,,,
1,Sat,2019-08-03,15:00 (09:00),Brentford,,Birmingham City,,Griffin Park,,,
1,Sat,2019-08-03,15:00 (09:00),Millwall,,Preston,,The Den,,,
1,Sat,2019-08-03,15:00 (09:00),Stoke City,,QPR,,Bet365 Stadium,,,
1,Sat,2019-08-03,15:00 (09:00),Swansea City,,Hull City,,Liberty Stadium,,,
1,Sat,2019-08-03,15:00 (09:00),Wigan Athletic,,Cardiff City,,The DW Stadium,,,
1,Sat,2019-08-03,17:30 (11:30),Nott'ham Forest,,WBA,,The City Ground,,,
1,Sun,2019-08-04,16:30 (10:30),Bristol City,,Leeds United,,Ashton Gate Stadium,,,
1,Mon,2019-08-05,19:45 (13:45),Huddersfield,,Derby County,,The John Smith's Stadium,,,
,,,,,,,,,,,
2,Sat,2019-08-10,12:30 (06:30),Leeds United,,Nott'ham Forest,,Elland Road,,,
2,Sat,2019-08-10,15:00 (09:00),WBA,,Millwall,,The Hawthorns,,,
2,Sat,2019-08-10,15:00 (09:00),Sheffield Weds,,Barnsley,,Hillsborough Stadium,,,
2,Sat,2019-08-10,15:00 (09:00),Cardiff City,,Luton Town,,Cardiff City Stadium,,,
2,Sat,2019-08-10,15:00 (09:00),Charlton Ath,,Stoke City,,The Valley,,,
2,Sat,2019-08-10,15:00 (09:00),Hull City,,Reading,,Kingston Communications Stadium,,,
2,Sat,2019-08-10,15:00 (09:00),Preston,,Wigan Athletic,,Deepdale Stadium,,,
2,Sat,2019-08-10,15:00 (09:00),Middlesbrough,,Brentford,,Riverside Stadium,,,
2,Sat,2019-08-10,15:00 (09:00),Birmingham City,,Bristol City,,St Andrew's Trillion Trophy Stadium,,,
2,Sat,2019-08-10,15:00 (09:00),QPR,,Huddersfield,,Loftus Road Stadium,,,
2,Sat,2019-08-10,15:00 (09:00),Fulham,,Blackburn,,Craven Cottage,,,
2,Sat,2019-08-10,15:00 (09:00),Derby County,,Swansea City,,iPro Stadium,,,
,,,,,,,,,,,
3,Fri,2019-08-16,19:45 (13:45),Huddersfield,,Fulham,,The John Smith's Stadium,,,
3,Sat,2019-08-17,15:00 (09:00),Swansea City,,Preston,,Liberty Stadium,,,
3,Sat,2019-08-17,15:00 (09:00),Wigan Athletic,,Leeds United,,The DW Stadium,,,
3,Sat,2019-08-17,15:00 (09:00),Brentford,,Hull City,,Griffin Park,,,
3,Sat,2019-08-17,15:00 (09:00),Stoke City,,Derby County,,Bet365 Stadium,,,
3,Sat,2019-08-17,15:00 (09:00),Blackburn,,Middlesbrough,,Ewood Park,,,
3,Sat,2019-08-17,15:00 (09:00),Barnsley,,Charlton Ath,,Oakwell Stadium,,,
3,Sat,2019-08-17,15:00 (09:00),Luton Town,,WBA,,Kenilworth Road Stadium,,,
3,Sat,2019-08-17,15:00 (09:00),Nott'ham Forest,,Birmingham City,,The City Ground,,,
3,Sat,2019-08-17,15:00 (09:00),Bristol City,,QPR,,Ashton Gate Stadium,,,
3,Sat,2019-08-17,15:00 (09:00),Millwall,,Sheffield Weds,,The Den,,,
3,Sun,2019-08-18,12:00 (06:00),Reading,,Cardiff City,,Madejski Stadium,,,
,,,,,,,,,,,
4,Tue,2019-08-20,19:45 (13:45),Hull City,,Blackburn,,Kingston Communications Stadium,,,
4,Tue,2019-08-20,19:45 (13:45),Birmingham City,,Barnsley,,St Andrew's Trillion Trophy Stadium,,,
4,Tue,2019-08-20,19:45 (13:45),Sheffield Weds,,Luton Town,,Hillsborough Stadium,,,
4,Tue,2019-08-20,19:45 (13:45),Derby County,,Bristol City,,iPro Stadium,,,
4,Tue,2019-08-20,19:45 (13:45),Middlesbrough,,Wigan Athletic,,Riverside Stadium,,,
4,Wed,2019-08-21,19:45 (13:45),Leeds United,,Brentford,,Elland Road,,,
4,Wed,2019-08-21,19:45 (13:45),Fulham,,Millwall,,Craven Cottage,,,
4,Wed,2019-08-21,19:45 (13:45),Preston,,Stoke City,,Deepdale Stadium,,,
4,Wed,2019-08-21,19:45 (13:45),Cardiff City,,Huddersfield,,Cardiff City Stadium,,,
4,Wed,2019-08-21,19:45 (13:45),Charlton Ath,,Nott'ham Forest,,The Valley,,,
4,Wed,2019-08-21,19:45 (13:45),QPR,,Swansea City,,Loftus Road Stadium,,,
4,Wed,2019-08-21,20:00 (14:00),WBA,,Reading,,The Hawthorns,,,
,,,,,,,,,,,
5,Fri,2019-08-23,,Huddersfield,,Reading,,The John Smith's Stadium,,,
5,Fri,2019-08-23,,QPR,,Wigan Athletic,,Loftus Road Stadium,,,
5,Fri,2019-08-23,,Blackburn,,Cardiff City,,Ewood Park,,,
5,Fri,2019-08-23,,Middlesbrough,,Millwall,,Riverside Stadium,,,
5,Fri,2019-08-23,,Barnsley,,Luton Town,,Oakwell Stadium,,,
5,Fri,2019-08-23,,Fulham,,Nott'ham Forest,,Craven Cottage,,,
5,Fri,2019-08-23,,Derby County,,WBA,,iPro Stadium,,,
5,Fri,2019-08-23,,Hull City,,Bristol City,,Kingston Communications Stadium,,,
5,Fri,2019-08-23,,Preston,,Sheffield Weds,,Deepdale Stadium,,,
5,Fri,2019-08-23,,Swansea City,,Birmingham City,,Liberty Stadium,,,
5,Fri,2019-08-23,,Charlton Ath,,Brentford,,The Valley,,,
5,Fri,2019-08-23,,Stoke City,,Leeds United,,Bet365 Stadium,,,
,,,,,,,,,,,
6,Fri,2019-08-30,,Millwall,,Hull City,,The Den,,,
6,Fri,2019-08-30,,Wigan Athletic,,Barnsley,,The DW Stadium,,,
6,Fri,2019-08-30,,Luton Town,,Huddersfield,,Kenilworth Road Stadium,,,
6,Fri,2019-08-30,,Birmingham City,,Stoke City,,St Andrew's Trillion Trophy Stadium,,,
6,Fri,2019-08-30,,WBA,,Blackburn,,The Hawthorns,,,
6,Fri,2019-08-30,,Brentford,,Derby County,,Griffin Park,,,
6,Fri,2019-08-30,,Reading,,Charlton Ath,,Madejski Stadium,,,
6,Fri,2019-08-30,,Cardiff City,,Fulham,,Cardiff City Stadium,,,
6,Fri,2019-08-30,,Sheffield Weds,,QPR,,Hillsborough Stadium,,,
6,Fri,2019-08-30,,Bristol City,,Middlesbrough,,Ashton Gate Stadium,,,
6,Fri,2019-08-30,,Leeds United,,Swansea City,,Elland Road,,,
6,Fri,2019-08-30,,Nott'ham Forest,,Preston,,The City Ground,,,
,,,,,,,,,,,
7,Fri,2019-09-13,19:45 (13:45),Derby County,,Cardiff City,,iPro Stadium,,,
7,Sat,2019-09-14,12:30 (06:30),Fulham,,WBA,,Craven Cottage,,,
7,Sat,2019-09-14,15:00 (09:00),Preston,,Brentford,,Deepdale Stadium,,,
7,Sat,2019-09-14,15:00 (09:00),Charlton Ath,,Birmingham City,,The Valley,,,
7,Sat,2019-09-14,15:00 (09:00),Hull City,,Wigan Athletic,,Kingston Communications Stadium,,,
7,Sat,2019-09-14,15:00 (09:00),Stoke City,,Bristol City,,Bet365 Stadium,,,
7,Sat,2019-09-14,15:00 (09:00),Blackburn,,Millwall,,Ewood Park,,,
7,Sat,2019-09-14,15:00 (09:00),Swansea City,,Nott'ham Forest,,Liberty Stadium,,,
7,Sat,2019-09-14,15:00 (09:00),QPR,,Luton Town,,Loftus Road Stadium,,,
7,Sat,2019-09-14,15:00 (09:00),Middlesbrough,,Reading,,Riverside Stadium,,,
7,Sun,2019-09-15,12:00 (06:00),Huddersfield,,Sheffield Weds,,The John Smith's Stadium,,,
7,Sun,2019-09-15,12:30 (06:30),Barnsley,,Leeds United,,Oakwell Stadium,,,
,,,,,,,,,,,
8,Sat,2019-09-21,12:30 (06:30),Leeds United,,Derby County,,Elland Road,,,
8,Sat,2019-09-21,15:00 (09:00),Sheffield Weds,,Fulham,,Hillsborough Stadium,,,
8,Sat,2019-09-21,15:00 (09:00),Nott'ham Forest,,Barnsley,,The City Ground,,,
8,Sat,2019-09-21,15:00 (09:00),Wigan Athletic,,Charlton Ath,,The DW Stadium,,,
8,Sat,2019-09-21,15:00 (09:00),WBA,,Huddersfield,,The Hawthorns,,,
8,Sat,2019-09-21,15:00 (09:00),Bristol City,,Swansea City,,Ashton Gate Stadium,,,
8,Sat,2019-09-21,15:00 (09:00),Millwall,,QPR,,The Den,,,
8,Sat,2019-09-21,15:00 (09:00),Cardiff City,,Middlesbrough,,Cardiff City Stadium,,,
8,Sat,2019-09-21,15:00 (09:00),Brentford,,Stoke City,,Griffin Park,,,
8,Sat,2019-09-21,15:00 (09:00),Birmingham City,,Preston,,St Andrew's Trillion Trophy Stadium,,,
8,Sat,2019-09-21,15:00 (09:00),Reading,,Blackburn,,Madejski Stadium,,,
8,Sat,2019-09-21,15:00 (09:00),Luton Town,,Hull City,,Kenilworth Road Stadium,,,
,,,,,,,,,,,
9,Fri,2019-09-27,,Middlesbrough,,Sheffield Weds,,Riverside Stadium,,,
9,Fri,2019-09-27,,Fulham,,Wigan Athletic,,Craven Cottage,,,
9,Fri,2019-09-27,,Blackburn,,Luton Town,,Ewood Park,,,
9,Fri,2019-09-27,,Barnsley,,Brentford,,Oakwell Stadium,,,
9,Fri,2019-09-27,,Huddersfield,,Millwall,,The John Smith's Stadium,,,
9,Fri,2019-09-27,,Stoke City,,Nott'ham Forest,,Bet365 Stadium,,,
9,Fri,2019-09-27,,Preston,,Bristol City,,Deepdale Stadium,,,
9,Fri,2019-09-27,,Swansea City,,Reading,,Liberty Stadium,,,
9,Fri,2019-09-27,,QPR,,WBA,,Loftus Road Stadium,,,
9,Fri,2019-09-27,,Derby County,,Birmingham City,,iPro Stadium,,,
9,Fri,2019-09-27,,Charlton Ath,,Leeds United,,The Valley,,,
9,Fri,2019-09-27,,Hull City,,Cardiff City,,Kingston Communications Stadium,,,
,,,,,,,,,,,
10,Mon,2019-09-30,,Hull City,,Sheffield Weds,,Kingston Communications Stadium,,,
10,Mon,2019-09-30,,Wigan Athletic,,Birmingham City,,The DW Stadium,,,
10,Mon,2019-09-30,,Reading,,Fulham,,Madejski Stadium,,,
10,Mon,2019-09-30,,Stoke City,,Huddersfield,,Bet365 Stadium,,,
10,Mon,2019-09-30,,Leeds United,,WBA,,Elland Road,,,
10,Mon,2019-09-30,,Blackburn,,Nott'ham Forest,,Ewood Park,,,
10,Mon,2019-09-30,,Middlesbrough,,Preston,,Riverside Stadium,,,
10,Tue,2019-10-01,,Charlton Ath,,Swansea City,,The Valley,,,
10,Tue,2019-10-01,,Cardiff City,,QPR,,Cardiff City Stadium,,,
10,Tue,2019-10-01,,Brentford,,Bristol City,,Griffin Park,,,
10,Tue,2019-10-01,,Luton Town,,Millwall,,Kenilworth Road Stadium,,,
10,Tue,2019-10-01,,Barnsley,,Derby County,,Oakwell Stadium,,,
,,,,,,,,,,,
11,Fri,2019-10-04,,Millwall,,Leeds United,,The Den,,,
11,Fri,2019-10-04,,Fulham,,Charlton Ath,,Craven Cottage,,,
11,Fri,2019-10-04,,WBA,,Cardiff City,,The Hawthorns,,,
11,Fri,2019-10-04,,Nott'ham Forest,,Brentford,,The City Ground,,,
11,Fri,2019-10-04,,Bristol City,,Reading,,Ashton Gate Stadium,,,
11,Fri,2019-10-04,,Sheffield Weds,,Wigan Athletic,,Hillsborough Stadium,,,
11,Fri,2019-10-04,,Huddersfield,,Hull City,,The John Smith's Stadium,,,
11,Fri,2019-10-04,,Preston,,Barnsley,,Deepdale Stadium,,,
11,Fri,2019-10-04,,Derby County,,Luton Town,,iPro Stadium,,,
11,Fri,2019-10-04,,Swansea City,,Stoke City,,Liberty Stadium,,,
11,Fri,2019-10-04,,Birmingham City,,Middlesbrough,,St Andrew's Trillion Trophy Stadium,,,
11,Fri,2019-10-04,,QPR,,Blackburn,,Loftus Road Stadium,,,
,,,,,,,,,,,
12,Fri,2019-10-18,,Stoke City,,Fulham,,Bet365 Stadium,,,
12,Fri,2019-10-18,,Charlton Ath,,Derby County,,The Valley,,,
12,Fri,2019-10-18,,Reading,,Preston,,Madejski Stadium,,,
12,Fri,2019-10-18,,Luton Town,,Bristol City,,Kenilworth Road Stadium,,,
12,Fri,2019-10-18,,Leeds United,,Birmingham City,,Elland Road,,,
12,Fri,2019-10-18,,Brentford,,Millwall,,Griffin Park,,,
12,Fri,2019-10-18,,Wigan Athletic,,Nott'ham Forest,,The DW Stadium,,,
12,Fri,2019-10-18,,Barnsley,,Swansea City,,Oakwell Stadium,,,
12,Fri,2019-10-18,,Hull City,,QPR,,Kingston Communications Stadium,,,
12,Fri,2019-10-18,,Cardiff City,,Sheffield Weds,,Cardiff City Stadium,,,
12,Fri,2019-10-18,,Blackburn,,Huddersfield,,Ewood Park,,,
12,Fri,2019-10-18,,Middlesbrough,,WBA,,Riverside Stadium,,,
,,,,,,,,,,,
13,Mon,2019-10-21,,Birmingham City,,Blackburn,,St Andrew's Trillion Trophy Stadium,,,
13,Mon,2019-10-21,,Millwall,,Cardiff City,,The Den,,,
13,Mon,2019-10-21,,Sheffield Weds,,Stoke City,,Hillsborough Stadium,,,
13,Mon,2019-10-21,,QPR,,Reading,,Loftus Road Stadium,,,
13,Mon,2019-10-21,,Swansea City,,Brentford,,Liberty Stadium,,,
13,Mon,2019-10-21,,WBA,,Barnsley,,The Hawthorns,,,
13,Tue,2019-10-22,,Huddersfield,,Middlesbrough,,The John Smith's Stadium,,,
13,Tue,2019-10-22,,Fulham,,Luton Town,,Craven Cottage,,,
13,Tue,2019-10-22,,Preston,,Leeds United,,Deepdale Stadium,,,
13,Tue,2019-10-22,,Bristol City,,Charlton Ath,,Ashton Gate Stadium,,,
13,Tue,2019-10-22,,Derby County,,Wigan Athletic,,iPro Stadium,,,
13,Tue,2019-10-22,,Nott'ham Forest,,Hull City,,The City Ground,,,
,,,,,,,,,,,
14,Fri,2019-10-25,,QPR,,Brentford,,Loftus Road Stadium,,,
14,Fri,2019-10-25,,Sheffield Weds,,Leeds United,,Hillsborough Stadium,,,
14,Fri,2019-10-25,,WBA,,Charlton Ath,,The Hawthorns,,,
14,Fri,2019-10-25,,Huddersfield,,Barnsley,,The John Smith's Stadium,,,
14,Fri,2019-10-25,,Swansea City,,Cardiff City,,Liberty Stadium,,,
14,Fri,2019-10-25,,Birmingham City,,Luton Town,,St Andrew's Trillion Trophy Stadium,,,
14,Fri,2019-10-25,,Bristol City,,Wigan Athletic,,Ashton Gate Stadium,,,
14,Fri,2019-10-25,,Middlesbrough,,Fulham,,Riverside Stadium,,,
14,Fri,2019-10-25,,Millwall,,Stoke City,,The Den,,,
14,Fri,2019-10-25,,Hull City,,Derby County,,Kingston Communications Stadium,,,
14,Fri,2019-10-25,,Preston,,Blackburn,,Deepdale Stadium,,,
14,Fri,2019-10-25,,Nott'ham Forest,,Reading,,The City Ground,,,
,,,,,,,,,,,
15,Fri,2019-11-01,,Derby County,,Middlesbrough,,iPro Stadium,,,
15,Fri,2019-11-01,,Fulham,,Hull City,,Craven Cottage,,,
15,Fri,2019-11-01,,Blackburn,,Sheffield Weds,,Ewood Park,,,
15,Fri,2019-11-01,,Wigan Athletic,,Swansea City,,The DW Stadium,,,
15,Fri,2019-11-01,,Leeds United,,QPR,,Elland Road,,,
15,Fri,2019-11-01,,Barnsley,,Bristol City,,Oakwell Stadium,,,
15,Fri,2019-11-01,,Stoke City,,WBA,,Bet365 Stadium,,,
15,Fri,2019-11-01,,Cardiff City,,Birmingham City,,Cardiff City Stadium,,,
15,Fri,2019-11-01,,Reading,,Millwall,,Madejski Stadium,,,
15,Fri,2019-11-01,,Charlton Ath,,Preston,,The Valley,,,
15,Fri,2019-11-01,,Brentford,,Huddersfield,,Griffin Park,,,
15,Fri,2019-11-01,,Luton Town,,Nott'ham Forest,,Kenilworth Road Stadium,,,
,,,,,,,,,,,
16,Fri,2019-11-08,,Preston,,Huddersfield,,Deepdale Stadium,,,
16,Fri,2019-11-08,,Wigan Athletic,,Brentford,,The DW Stadium,,,
16,Fri,2019-11-08,,Hull City,,WBA,,Kingston Communications Stadium,,,
16,Fri,2019-11-08,,Barnsley,,Stoke City,,Oakwell Stadium,,,
16,Fri,2019-11-08,,Reading,,Luton Town,,Madejski Stadium,,,
16,Fri,2019-11-08,,QPR,,Middlesbrough,,Loftus Road Stadium,,,
16,Fri,2019-11-08,,Millwall,,Charlton Ath,,The Den,,,
16,Fri,2019-11-08,,Birmingham City,,Fulham,,St Andrew's Trillion Trophy Stadium,,,
16,Fri,2019-11-08,,Nott'ham Forest,,Derby County,,The City Ground,,,
16,Fri,2019-11-08,,Cardiff City,,Bristol City,,Cardiff City Stadium,,,
16,Fri,2019-11-08,,Sheffield Weds,,Swansea City,,Hillsborough Stadium,,,
16,Fri,2019-11-08,,Leeds United,,Blackburn,,Elland Road,,,
,,,,,,,,,,,
17,Fri,2019-11-22,,Bristol City,,Nott'ham Forest,,Ashton Gate Stadium,,,
17,Fri,2019-11-22,,Blackburn,,Barnsley,,Ewood Park,,,
17,Fri,2019-11-22,,Charlton Ath,,Cardiff City,,The Valley,,,
17,Fri,2019-11-22,,Huddersfield,,Birmingham City,,The John Smith's Stadium,,,
17,Fri,2019-11-22,,WBA,,Sheffield Weds,,The Hawthorns,,,
17,Fri,2019-11-22,,Derby County,,Preston,,iPro Stadium,,,
17,Fri,2019-11-22,,Middlesbrough,,Hull City,,Riverside Stadium,,,
17,Fri,2019-11-22,,Brentford,,Reading,,Griffin Park,,,
17,Fri,2019-11-22,,Luton Town,,Leeds United,,Kenilworth Road Stadium,,,
17,Fri,2019-11-22,,Stoke City,,Wigan Athletic,,Bet365 Stadium,,,
17,Fri,2019-11-22,,Fulham,,QPR,,Craven Cottage,,,
17,Fri,2019-11-22,,Swansea City,,Millwall,,Liberty Stadium,,,
,,,,,,,,,,,
18,Mon,2019-11-25,,Fulham,,Derby County,,Craven Cottage,,,
18,Mon,2019-11-25,,Cardiff City,,Stoke City,,Cardiff City Stadium,,,
18,Mon,2019-11-25,,Millwall,,Wigan Athletic,,The Den,,,
18,Mon,2019-11-25,,Reading,,Leeds United,,Madejski Stadium,,,
18,Mon,2019-11-25,,Luton Town,,Charlton Ath,,Kenilworth Road Stadium,,,
18,Mon,2019-11-25,,Huddersfield,,Swansea City,,The John Smith's Stadium,,,
18,Tue,2019-11-26,,Sheffield Weds,,Birmingham City,,Hillsborough Stadium,,,
18,Tue,2019-11-26,,WBA,,Bristol City,,The Hawthorns,,,
18,Tue,2019-11-26,,QPR,,Nott'ham Forest,,Loftus Road Stadium,,,
18,Tue,2019-11-26,,Middlesbrough,,Barnsley,,Riverside Stadium,,,
18,Tue,2019-11-26,,Hull City,,Preston,,Kingston Communications Stadium,,,
18,Tue,2019-11-26,,Blackburn,,Brentford,,Ewood Park,,,
,,,,,,,,,,,
19,Fri,2019-11-29,,Charlton Ath,,Sheffield Weds,,The Valley,,,
19,Fri,2019-11-29,,Preston,,WBA,,Deepdale Stadium,,,
19,Fri,2019-11-29,,Swansea City,,Fulham,,Liberty Stadium,,,
19,Fri,2019-11-29,,Stoke City,,Blackburn,,Bet365 Stadium,,,
19,Fri,2019-11-29,,Bristol City,,Huddersfield,,Ashton Gate Stadium,,,
19,Fri,2019-11-29,,Birmingham City,,Millwall,,St Andrew's Trillion Trophy Stadium,,,
19,Fri,2019-11-29,,Nott'ham Forest,,Cardiff City,,The City Ground,,,
19,Fri,2019-11-29,,Derby County,,QPR,,iPro Stadium,,,
19,Fri,2019-11-29,,Wigan Athletic,,Reading,,The DW Stadium,,,
19,Fri,2019-11-29,,Barnsley,,Hull City,,Oakwell Stadium,,,
19,Fri,2019-11-29,,Brentford,,Luton Town,,Griffin Park,,,
19,Fri,2019-11-29,,Leeds United,,Middlesbrough,,Elland Road,,,
,,,,,,,,,,,
20,Fri,2019-12-06,,Middlesbrough,,Charlton Ath,,Riverside Stadium,,,
20,Fri,2019-12-06,,Blackburn,,Derby County,,Ewood Park,,,
20,Fri,2019-12-06,,Reading,,Birmingham City,,Madejski Stadium,,,
20,Fri,2019-12-06,,Hull City,,Stoke City,,Kingston Communications Stadium,,,
20,Fri,2019-12-06,,Luton Town,,Wigan Athletic,,Kenilworth Road Stadium,,,
20,Fri,2019-12-06,,Huddersfield,,Leeds United,,The John Smith's Stadium,,,
20,Fri,2019-12-06,,Sheffield Weds,,Brentford,,Hillsborough Stadium,,,
20,Fri,2019-12-06,,QPR,,Preston,,Loftus Road Stadium,,,
20,Fri,2019-12-06,,Fulham,,Bristol City,,Craven Cottage,,,
20,Fri,2019-12-06,,Millwall,,Nott'ham Forest,,The Den,,,
20,Fri,2019-12-06,,Cardiff City,,Barnsley,,Cardiff City Stadium,,,
20,Fri,2019-12-06,,WBA,,Swansea City,,The Hawthorns,,,
,,,,,,,,,,,
21,Mon,2019-12-09,,Leeds United,,Hull City,,Elland Road,,,
21,Mon,2019-12-09,,Bristol City,,Millwall,,Ashton Gate Stadium,,,
21,Mon,2019-12-09,,Charlton Ath,,Huddersfield,,The Valley,,,
21,Mon,2019-12-09,,Preston,,Fulham,,Deepdale Stadium,,,
21,Mon,2019-12-09,,Stoke City,,Luton Town,,Bet365 Stadium,,,
21,Mon,2019-12-09,,Nott'ham Forest,,Middlesbrough,,The City Ground,,,
21,Tue,2019-12-10,,Birmingham City,,QPR,,St Andrew's Trillion Trophy Stadium,,,
21,Tue,2019-12-10,,Wigan Athletic,,WBA,,The DW Stadium,,,
21,Tue,2019-12-10,,Brentford,,Cardiff City,,Griffin Park,,,
21,Tue,2019-12-10,,Derby County,,Sheffield Weds,,iPro Stadium,,,
21,Tue,2019-12-10,,Swansea City,,Blackburn,,Liberty Stadium,,,
21,Tue,2019-12-10,,Barnsley,,Reading,,Oakwell Stadium,,,
,,,,,,,,,,,
22,Fri,2019-12-13,,Bristol City,,Blackburn,,Ashton Gate Stadium,,,
22,Fri,2019-12-13,,Derby County,,Millwall,,iPro Stadium,,,
22,Fri,2019-12-13,,Charlton Ath,,Hull City,,The Valley,,,
22,Fri,2019-12-13,,Nott'ham Forest,,Sheffield Weds,,The City Ground,,,
22,Fri,2019-12-13,,Wigan Athletic,,Huddersfield,,The DW Stadium,,,
22,Fri,2019-12-13,,Brentford,,Fulham,,Griffin Park,,,
22,Fri,2019-12-13,,Preston,,Luton Town,,Deepdale Stadium,,,
22,Fri,2019-12-13,,Leeds United,,Cardiff City,,Elland Road,,,
22,Fri,2019-12-13,,Stoke City,,Reading,,Bet365 Stadium,,,
22,Fri,2019-12-13,,Birmingham City,,WBA,,St Andrew's Trillion Trophy Stadium,,,
22,Fri,2019-12-13,,Swansea City,,Middlesbrough,,Liberty Stadium,,,
22,Fri,2019-12-13,,Barnsley,,QPR,,Oakwell Stadium,,,
,,,,,,,,,,,
23,Fri,2019-12-20,,Huddersfield,,Nott'ham Forest,,The John Smith's Stadium,,,
23,Fri,2019-12-20,,Reading,,Derby County,,Madejski Stadium,,,
23,Fri,2019-12-20,,Blackburn,,Wigan Athletic,,Ewood Park,,,
23,Fri,2019-12-20,,Sheffield Weds,,Bristol City,,Hillsborough Stadium,,,
23,Fri,2019-12-20,,Fulham,,Leeds United,,Craven Cottage,,,
23,Fri,2019-12-20,,WBA,,Brentford,,The Hawthorns,,,
23,Fri,2019-12-20,,Luton Town,,Swansea City,,Kenilworth Road Stadium,,,
23,Fri,2019-12-20,,Middlesbrough,,Stoke City,,Riverside Stadium,,,
23,Fri,2019-12-20,,QPR,,Charlton Ath,,Loftus Road Stadium,,,
23,Fri,2019-12-20,,Millwall,,Barnsley,,The Den,,,
23,Fri,2019-12-20,,Cardiff City,,Preston,,Cardiff City Stadium,,,
23,Fri,2019-12-20,,Hull City,,Birmingham City,,Kingston Communications Stadium,,,
,,,,,,,,,,,
24,Wed,2019-12-25,,Middlesbrough,,Huddersfield,,Riverside Stadium,,,
24,Wed,2019-12-25,,Barnsley,,WBA,,Oakwell Stadium,,,
24,Wed,2019-12-25,,Wigan Athletic,,Derby County,,The DW Stadium,,,
24,Wed,2019-12-25,,Luton Town,,Fulham,,Kenilworth Road Stadium,,,
24,Wed,2019-12-25,,Brentford,,Swansea City,,Griffin Park,,,
24,Wed,2019-12-25,,Reading,,QPR,,Madejski Stadium,,,
24,Wed,2019-12-25,,Cardiff City,,Millwall,,Cardiff City Stadium,,,
24,Wed,2019-12-25,,Stoke City,,Sheffield Weds,,Bet365 Stadium,,,
24,Wed,2019-12-25,,Charlton Ath,,Bristol City,,The Valley,,,
24,Wed,2019-12-25,,Hull City,,Nott'ham Forest,,Kingston Communications Stadium,,,
24,Wed,2019-12-25,,Leeds United,,Preston,,Elland Road,,,
24,Wed,2019-12-25,,Blackburn,,Birmingham City,,Ewood Park,,,
,,,,,,,,,,,
25,Sat,2019-12-28,,Preston,,Reading,,Deepdale Stadium,,,
25,Sat,2019-12-28,,Sheffield Weds,,Cardiff City,,Hillsborough Stadium,,,
25,Sat,2019-12-28,,Huddersfield,,Blackburn,,The John Smith's Stadium,,,
25,Sat,2019-12-28,,Millwall,,Brentford,,The Den,,,
25,Sat,2019-12-28,,Swansea City,,Barnsley,,Liberty Stadium,,,
25,Sat,2019-12-28,,Derby County,,Charlton Ath,,iPro Stadium,,,
25,Sat,2019-12-28,,Birmingham City,,Leeds United,,St Andrew's Trillion Trophy Stadium,,,
25,Sat,2019-12-28,,WBA,,Middlesbrough,,The Hawthorns,,,
25,Sat,2019-12-28,,Nott'ham Forest,,Wigan Athletic,,The City Ground,,,
25,Sat,2019-12-28,,Fulham,,Stoke City,,Craven Cottage,,,
25,Sat,2019-12-28,,Bristol City,,Luton Town,,Ashton Gate Stadium,,,
25,Sat,2019-12-28,,QPR,,Hull City,,Loftus Road Stadium,,,
,,,,,,,,,,,
26,Tue,2019-12-31,,Millwall,,Luton Town,,The Den,,,
26,Tue,2019-12-31,,Swansea City,,Charlton Ath,,Liberty Stadium,,,
26,Tue,2019-12-31,,Sheffield Weds,,Hull City,,Hillsborough Stadium,,,
26,Tue,2019-12-31,,Huddersfield,,Stoke City,,The John Smith's Stadium,,,
26,Tue,2019-12-31,,Derby County,,Barnsley,,iPro Stadium,,,
26,Tue,2019-12-31,,Bristol City,,Brentford,,Ashton Gate Stadium,,,
26,Tue,2019-12-31,,Fulham,,Reading,,Craven Cottage,,,
26,Tue,2019-12-31,,WBA,,Leeds United,,The Hawthorns,,,
26,Tue,2019-12-31,,Nott'ham Forest,,Blackburn,,The City Ground,,,
26,Tue,2019-12-31,,Preston,,Middlesbrough,,Deepdale Stadium,,,
26,Tue,2019-12-31,,QPR,,Cardiff City,,Loftus Road Stadium,,,
26,Tue,2019-12-31,,Birmingham City,,Wigan Athletic,,St Andrew's Trillion Trophy Stadium,,,
,,,,,,,,,,,
27,Fri,2020-01-10,,Cardiff City,,Swansea City,,Cardiff City Stadium,,,
27,Fri,2020-01-10,,Luton Town,,Birmingham City,,Kenilworth Road Stadium,,,
27,Fri,2020-01-10,,Hull City,,Fulham,,Kingston Communications Stadium,,,
27,Fri,2020-01-10,,Blackburn,,Preston,,Ewood Park,,,
27,Fri,2020-01-10,,Brentford,,QPR,,Griffin Park,,,
27,Fri,2020-01-10,,Stoke City,,Millwall,,Bet365 Stadium,,,
27,Fri,2020-01-10,,Middlesbrough,,Derby County,,Riverside Stadium,,,
27,Fri,2020-01-10,,Leeds United,,Sheffield Weds,,Elland Road,,,
27,Fri,2020-01-10,,Wigan Athletic,,Bristol City,,The DW Stadium,,,
27,Fri,2020-01-10,,Charlton Ath,,WBA,,The Valley,,,
27,Fri,2020-01-10,,Barnsley,,Huddersfield,,Oakwell Stadium,,,
27,Fri,2020-01-10,,Reading,,Nott'ham Forest,,Madejski Stadium,,,
,,,,,,,,,,,
28,Fri,2020-01-17,,Millwall,,Reading,,The Den,,,
28,Fri,2020-01-17,,Nott'ham Forest,,Luton Town,,The City Ground,,,
28,Fri,2020-01-17,,Fulham,,Middlesbrough,,Craven Cottage,,,
28,Fri,2020-01-17,,Birmingham City,,Cardiff City,,St Andrew's Trillion Trophy Stadium,,,
28,Fri,2020-01-17,,Derby County,,Hull City,,iPro Stadium,,,
28,Fri,2020-01-17,,QPR,,Leeds United,,Loftus Road Stadium,,,
28,Fri,2020-01-17,,Huddersfield,,Brentford,,The John Smith's Stadium,,,
28,Fri,2020-01-17,,Preston,,Charlton Ath,,Deepdale Stadium,,,
28,Fri,2020-01-17,,WBA,,Stoke City,,The Hawthorns,,,
28,Fri,2020-01-17,,Swansea City,,Wigan Athletic,,Liberty Stadium,,,
28,Fri,2020-01-17,,Bristol City,,Barnsley,,Ashton Gate Stadium,,,
28,Fri,2020-01-17,,Sheffield Weds,,Blackburn,,Hillsborough Stadium,,,
,,,,,,,,,,,
29,Fri,2020-01-24,,Hull City,,Huddersfield,,Kingston Communications Stadium,,,
29,Fri,2020-01-24,,Stoke City,,Swansea City,,Bet365 Stadium,,,
29,Fri,2020-01-24,,Wigan Athletic,,Sheffield Weds,,The DW Stadium,,,
29,Fri,2020-01-24,,Charlton Ath,,Fulham,,The Valley,,,
29,Fri,2020-01-24,,Brentford,,Nott'ham Forest,,Griffin Park,,,
29,Fri,2020-01-24,,Luton Town,,Derby County,,Kenilworth Road Stadium,,,
29,Fri,2020-01-24,,Barnsley,,Preston,,Oakwell Stadium,,,
29,Fri,2020-01-24,,Middlesbrough,,Birmingham City,,Riverside Stadium,,,
29,Fri,2020-01-24,,Cardiff City,,WBA,,Cardiff City Stadium,,,
29,Fri,2020-01-24,,Reading,,Bristol City,,Madejski Stadium,,,
29,Fri,2020-01-24,,Blackburn,,QPR,,Ewood Park,,,
29,Fri,2020-01-24,,Leeds United,,Millwall,,Elland Road,,,
,,,,,,,,,,,
30,Fri,2020-01-31,,Derby County,,Stoke City,,iPro Stadium,,,
30,Fri,2020-01-31,,Birmingham City,,Nott'ham Forest,,St Andrew's Trillion Trophy Stadium,,,
30,Fri,2020-01-31,,QPR,,Bristol City,,Loftus Road Stadium,,,
30,Fri,2020-01-31,,Charlton Ath,,Barnsley,,The Valley,,,
30,Fri,2020-01-31,,Fulham,,Huddersfield,,Craven Cottage,,,
30,Fri,2020-01-31,,Middlesbrough,,Blackburn,,Riverside Stadium,,,
30,Fri,2020-01-31,,Sheffield Weds,,Millwall,,Hillsborough Stadium,,,
30,Fri,2020-01-31,,Leeds United,,Wigan Athletic,,Elland Road,,,
30,Fri,2020-01-31,,Cardiff City,,Reading,,Cardiff City Stadium,,,
30,Fri,2020-01-31,,Preston,,Swansea City,,Deepdale Stadium,,,
30,Fri,2020-01-31,,WBA,,Luton Town,,The Hawthorns,,,
30,Fri,2020-01-31,,Hull City,,Brentford,,Kingston Communications Stadium,,,
,,,,,,,,,,,
31,Fri,2020-02-07,,Barnsley,,Sheffield Weds,,Oakwell Stadium,,,
31,Fri,2020-02-07,,Stoke City,,Charlton Ath,,Bet365 Stadium,,,
31,Fri,2020-02-07,,Brentford,,Middlesbrough,,Griffin Park,,,
31,Fri,2020-02-07,,Luton Town,,Cardiff City,,Kenilworth Road Stadium,,,
31,Fri,2020-02-07,,Reading,,Hull City,,Madejski Stadium,,,
31,Fri,2020-02-07,,Blackburn,,Fulham,,Ewood Park,,,
31,Fri,2020-02-07,,Swansea City,,Derby County,,Liberty Stadium,,,
31,Fri,2020-02-07,,Bristol City,,Birmingham City,,Ashton Gate Stadium,,,
31,Fri,2020-02-07,,Nott'ham Forest,,Leeds United,,The City Ground,,,
31,Fri,2020-02-07,,Huddersfield,,QPR,,The John Smith's Stadium,,,
31,Fri,2020-02-07,,Millwall,,WBA,,The Den,,,
31,Fri,2020-02-07,,Wigan Athletic,,Preston,,The DW Stadium,,,
,,,,,,,,,,,
32,Mon,2020-02-10,,Blackburn,,Hull City,,Ewood Park,,,
32,Mon,2020-02-10,,Nott'ham Forest,,Charlton Ath,,The City Ground,,,
32,Mon,2020-02-10,,Brentford,,Leeds United,,Griffin Park,,,
32,Mon,2020-02-10,,Barnsley,,Birmingham City,,Oakwell Stadium,,,
32,Mon,2020-02-10,,Swansea City,,QPR,,Liberty Stadium,,,
32,Mon,2020-02-10,,Wigan Athletic,,Middlesbrough,,The DW Stadium,,,
32,Tue,2020-02-11,,Millwall,,Fulham,,The Den,,,
32,Tue,2020-02-11,,Huddersfield,,Cardiff City,,The John Smith's Stadium,,,
32,Tue,2020-02-11,,Luton Town,,Sheffield Weds,,Kenilworth Road Stadium,,,
32,Tue,2020-02-11,,Bristol City,,Derby County,,Ashton Gate Stadium,,,
32,Tue,2020-02-11,,Reading,,WBA,,Madejski Stadium,,,
32,Tue,2020-02-11,,Stoke City,,Preston,,Bet365 Stadium,,,
,,,,,,,,,,,
33,Fri,2020-02-14,,Preston,,Millwall,,Deepdale Stadium,,,
33,Fri,2020-02-14,,Cardiff City,,Wigan Athletic,,Cardiff City Stadium,,,
33,Fri,2020-02-14,,QPR,,Stoke City,,Loftus Road Stadium,,,
33,Fri,2020-02-14,,Middlesbrough,,Luton Town,,Riverside Stadium,,,
33,Fri,2020-02-14,,Sheffield Weds,,Reading,,Hillsborough Stadium,,,
33,Fri,2020-02-14,,Leeds United,,Bristol City,,Elland Road,,,
33,Fri,2020-02-14,,Charlton Ath,,Blackburn,,The Valley,,,
33,Fri,2020-02-14,,Hull City,,Swansea City,,Kingston Communications Stadium,,,
33,Fri,2020-02-14,,WBA,,Nott'ham Forest,,The Hawthorns,,,
33,Fri,2020-02-14,,Fulham,,Barnsley,,Craven Cottage,,,
33,Fri,2020-02-14,,Birmingham City,,Brentford,,St Andrew's Trillion Trophy Stadium,,,
33,Fri,2020-02-14,,Derby County,,Huddersfield,,iPro Stadium,,,
,,,,,,,,,,,
34,Fri,2020-02-21,,Bristol City,,WBA,,Ashton Gate Stadium,,,
34,Fri,2020-02-21,,Preston,,Hull City,,Deepdale Stadium,,,
34,Fri,2020-02-21,,Birmingham City,,Sheffield Weds,,St Andrew's Trillion Trophy Stadium,,,
34,Fri,2020-02-21,,Swansea City,,Huddersfield,,Liberty Stadium,,,
34,Fri,2020-02-21,,Wigan Athletic,,Millwall,,The DW Stadium,,,
34,Fri,2020-02-21,,Brentford,,Blackburn,,Griffin Park,,,
34,Fri,2020-02-21,,Stoke City,,Cardiff City,,Bet365 Stadium,,,
34,Fri,2020-02-21,,Barnsley,,Middlesbrough,,Oakwell Stadium,,,
34,Fri,2020-02-21,,Derby County,,Fulham,,iPro Stadium,,,
34,Fri,2020-02-21,,Nott'ham Forest,,QPR,,The City Ground,,,
34,Fri,2020-02-21,,Charlton Ath,,Luton Town,,The Valley,,,
34,Fri,2020-02-21,,Leeds United,,Reading,,Elland Road,,,
,,,,,,,,,,,
35,Mon,2020-02-24,,Huddersfield,,Bristol City,,The John Smith's Stadium,,,
35,Mon,2020-02-24,,Luton Town,,Brentford,,Kenilworth Road Stadium,,,
35,Mon,2020-02-24,,Cardiff City,,Nott'ham Forest,,Cardiff City Stadium,,,
35,Mon,2020-02-24,,WBA,,Preston,,The Hawthorns,,,
35,Mon,2020-02-24,,QPR,,Derby County,,Loftus Road Stadium,,,
35,Mon,2020-02-24,,Fulham,,Swansea City,,Craven Cottage,,,
35,Tue,2020-02-25,,Hull City,,Barnsley,,Kingston Communications Stadium,,,
35,Tue,2020-02-25,,Millwall,,Birmingham City,,The Den,,,
35,Tue,2020-02-25,,Blackburn,,Stoke City,,Ewood Park,,,
35,Tue,2020-02-25,,Middlesbrough,,Leeds United,,Riverside Stadium,,,
35,Tue,2020-02-25,,Reading,,Wigan Athletic,,Madejski Stadium,,,
35,Tue,2020-02-25,,Sheffield Weds,,Charlton Ath,,Hillsborough Stadium,,,
,,,,,,,,,,,
36,Fri,2020-02-28,,Huddersfield,,Charlton Ath,,The John Smith's Stadium,,,
36,Fri,2020-02-28,,Luton Town,,Stoke City,,Kenilworth Road Stadium,,,
36,Fri,2020-02-28,,QPR,,Birmingham City,,Loftus Road Stadium,,,
36,Fri,2020-02-28,,Reading,,Barnsley,,Madejski Stadium,,,
36,Fri,2020-02-28,,WBA,,Wigan Athletic,,The Hawthorns,,,
36,Fri,2020-02-28,,Cardiff City,,Brentford,,Cardiff City Stadium,,,
36,Fri,2020-02-28,,Hull City,,Leeds United,,Kingston Communications Stadium,,,
36,Fri,2020-02-28,,Millwall,,Bristol City,,The Den,,,
36,Fri,2020-02-28,,Sheffield Weds,,Derby County,,Hillsborough Stadium,,,
36,Fri,2020-02-28,,Blackburn,,Swansea City,,Ewood Park,,,
36,Fri,2020-02-28,,Fulham,,Preston,,Craven Cottage,,,
36,Fri,2020-02-28,,Middlesbrough,,Nott'ham Forest,,Riverside Stadium,,,
,,,,,,,,,,,
37,Fri,2020-03-06,,Bristol City,,Fulham,,Ashton Gate Stadium,,,
37,Fri,2020-03-06,,Preston,,QPR,,Deepdale Stadium,,,
37,Fri,2020-03-06,,Nott'ham Forest,,Millwall,,The City Ground,,,
37,Fri,2020-03-06,,Stoke City,,Hull City,,Bet365 Stadium,,,
37,Fri,2020-03-06,,Charlton Ath,,Middlesbrough,,The Valley,,,
37,Fri,2020-03-06,,Derby County,,Blackburn,,iPro Stadium,,,
37,Fri,2020-03-06,,Swansea City,,WBA,,Liberty Stadium,,,
37,Fri,2020-03-06,,Barnsley,,Cardiff City,,Oakwell Stadium,,,
37,Fri,2020-03-06,,Leeds United,,Huddersfield,,Elland Road,,,
37,Fri,2020-03-06,,Brentford,,Sheffield Weds,,Griffin Park,,,
37,Fri,2020-03-06,,Wigan Athletic,,Luton Town,,The DW Stadium,,,
37,Fri,2020-03-06,,Birmingham City,,Reading,,St Andrew's Trillion Trophy Stadium,,,
,,,,,,,,,,,
38,Fri,2020-03-13,,Blackburn,,Bristol City,,Ewood Park,,,
38,Fri,2020-03-13,,Fulham,,Brentford,,Craven Cottage,,,
38,Fri,2020-03-13,,Hull City,,Charlton Ath,,Kingston Communications Stadium,,,
38,Fri,2020-03-13,,Huddersfield,,Wigan Athletic,,The John Smith's Stadium,,,
38,Fri,2020-03-13,,WBA,,Birmingham City,,The Hawthorns,,,
38,Fri,2020-03-13,,Sheffield Weds,,Nott'ham Forest,,Hillsborough Stadium,,,
38,Fri,2020-03-13,,Millwall,,Derby County,,The Den,,,
38,Fri,2020-03-13,,Cardiff City,,Leeds United,,Cardiff City Stadium,,,
38,Fri,2020-03-13,,QPR,,Barnsley,,Loftus Road Stadium,,,
38,Fri,2020-03-13,,Middlesbrough,,Swansea City,,Riverside Stadium,,,
38,Fri,2020-03-13,,Luton Town,,Preston,,Kenilworth Road Stadium,,,
38,Fri,2020-03-13,,Reading,,Stoke City,,Madejski Stadium,,,
,,,,,,,,,,,
39,Mon,2020-03-16,,Charlton Ath,,QPR,,The Valley,,,
39,Mon,2020-03-16,,Preston,,Cardiff City,,Deepdale Stadium,,,
39,Mon,2020-03-16,,Barnsley,,Millwall,,Oakwell Stadium,,,
39,Mon,2020-03-16,,Brentford,,WBA,,Griffin Park,,,
39,Mon,2020-03-16,,Derby County,,Reading,,iPro Stadium,,,
39,Mon,2020-03-16,,Bristol City,,Sheffield Weds,,Ashton Gate Stadium,,,
39,Tue,2020-03-17,,Swansea City,,Luton Town,,Liberty Stadium,,,
39,Tue,2020-03-17,,Birmingham City,,Hull City,,St Andrew's Trillion Trophy Stadium,,,
39,Tue,2020-03-17,,Nott'ham Forest,,Huddersfield,,The City Ground,,,
39,Tue,2020-03-17,,Stoke City,,Middlesbrough,,Bet365 Stadium,,,
39,Tue,2020-03-17,,Leeds United,,Fulham,,Elland Road,,,
39,Tue,2020-03-17,,Wigan Athletic,,Blackburn,,The DW Stadium,,,
,,,,,,,,,,,
40,Fri,2020-03-20,,Barnsley,,Blackburn,,Oakwell Stadium,,,
40,Fri,2020-03-20,,Preston,,Derby County,,Deepdale Stadium,,,
40,Fri,2020-03-20,,Wigan Athletic,,Stoke City,,The DW Stadium,,,
40,Fri,2020-03-20,,Sheffield Weds,,WBA,,Hillsborough Stadium,,,
40,Fri,2020-03-20,,Nott'ham Forest,,Bristol City,,The City Ground,,,
40,Fri,2020-03-20,,Hull City,,Middlesbrough,,Kingston Communications Stadium,,,
40,Fri,2020-03-20,,QPR,,Fulham,,Loftus Road Stadium,,,
40,Fri,2020-03-20,,Leeds United,,Luton Town,,Elland Road,,,
40,Fri,2020-03-20,,Cardiff City,,Charlton Ath,,Cardiff City Stadium,,,
40,Fri,2020-03-20,,Reading,,Brentford,,Madejski Stadium,,,
40,Fri,2020-03-20,,Birmingham City,,Huddersfield,,St Andrew's Trillion Trophy Stadium,,,
40,Fri,2020-03-20,,Millwall,,Swansea City,,The Den,,,
,,,,,,,,,,,
41,Fri,2020-04-03,,Bristol City,,Cardiff City,,Ashton Gate Stadium,,,
41,Fri,2020-04-03,,Fulham,,Birmingham City,,Craven Cottage,,,
41,Fri,2020-04-03,,Swansea City,,Sheffield Weds,,Liberty Stadium,,,
41,Fri,2020-04-03,,Middlesbrough,,QPR,,Riverside Stadium,,,
41,Fri,2020-04-03,,Charlton Ath,,Millwall,,The Valley,,,
41,Fri,2020-04-03,,Huddersfield,,Preston,,The John Smith's Stadium,,,
41,Fri,2020-04-03,,WBA,,Hull City,,The Hawthorns,,,
41,Fri,2020-04-03,,Luton Town,,Reading,,Kenilworth Road Stadium,,,
41,Fri,2020-04-03,,Blackburn,,Leeds United,,Ewood Park,,,
41,Fri,2020-04-03,,Derby County,,Nott'ham Forest,,iPro Stadium,,,
41,Fri,2020-04-03,,Brentford,,Wigan Athletic,,Griffin Park,,,
41,Fri,2020-04-03,,Stoke City,,Barnsley,,Bet365 Stadium,,,
,,,,,,,,,,,
42,Thu,2020-04-09,,Millwall,,Middlesbrough,,The Den,,,
42,Thu,2020-04-09,,Leeds United,,Stoke City,,Elland Road,,,
42,Thu,2020-04-09,,Nott'ham Forest,,Fulham,,The City Ground,,,
42,Thu,2020-04-09,,Birmingham City,,Swansea City,,St Andrew's Trillion Trophy Stadium,,,
42,Thu,2020-04-09,,Wigan Athletic,,QPR,,The DW Stadium,,,
42,Thu,2020-04-09,,Luton Town,,Barnsley,,Kenilworth Road Stadium,,,
42,Thu,2020-04-09,,Cardiff City,,Blackburn,,Cardiff City Stadium,,,
42,Thu,2020-04-09,,WBA,,Derby County,,The Hawthorns,,,
42,Thu,2020-04-09,,Bristol City,,Hull City,,Ashton Gate Stadium,,,
42,Thu,2020-04-09,,Reading,,Huddersfield,,Madejski Stadium,,,
42,Thu,2020-04-09,,Sheffield Weds,,Preston,,Hillsborough Stadium,,,
42,Thu,2020-04-09,,Brentford,,Charlton Ath,,Griffin Park,,,
,,,,,,,,,,,
43,Sun,2020-04-12,,Derby County,,Brentford,,iPro Stadium,,,
43,Sun,2020-04-12,,Fulham,,Cardiff City,,Craven Cottage,,,
43,Sun,2020-04-12,,Preston,,Nott'ham Forest,,Deepdale Stadium,,,
43,Sun,2020-04-12,,QPR,,Sheffield Weds,,Loftus Road Stadium,,,
43,Sun,2020-04-12,,Swansea City,,Leeds United,,Liberty Stadium,,,
43,Sun,2020-04-12,,Hull City,,Millwall,,Kingston Communications Stadium,,,
43,Sun,2020-04-12,,Barnsley,,Wigan Athletic,,Oakwell Stadium,,,
43,Sun,2020-04-12,,Middlesbrough,,Bristol City,,Riverside Stadium,,,
43,Sun,2020-04-12,,Huddersfield,,Luton Town,,The John Smith's Stadium,,,
43,Sun,2020-04-12,,Blackburn,,WBA,,Ewood Park,,,
43,Sun,2020-04-12,,Stoke City,,Birmingham City,,Bet365 Stadium,,,
43,Sun,2020-04-12,,Charlton Ath,,Reading,,The Valley,,,
,,,,,,,,,,,
44,Fri,2020-04-17,,Luton Town,,QPR,,Kenilworth Road Stadium,,,
44,Fri,2020-04-17,,Cardiff City,,Derby County,,Cardiff City Stadium,,,
44,Fri,2020-04-17,,Sheffield Weds,,Huddersfield,,Hillsborough Stadium,,,
44,Fri,2020-04-17,,Nott'ham Forest,,Swansea City,,The City Ground,,,
44,Fri,2020-04-17,,Millwall,,Blackburn,,The Den,,,
44,Fri,2020-04-17,,WBA,,Fulham,,The Hawthorns,,,
44,Fri,2020-04-17,,Bristol City,,Stoke City,,Ashton Gate Stadium,,,
44,Fri,2020-04-17,,Brentford,,Preston,,Griffin Park,,,
44,Fri,2020-04-17,,Reading,,Middlesbrough,,Madejski Stadium,,,
44,Fri,2020-04-17,,Wigan Athletic,,Hull City,,The DW Stadium,,,
44,Fri,2020-04-17,,Birmingham City,,Charlton Ath,,St Andrew's Trillion Trophy Stadium,,,
44,Fri,2020-04-17,,Leeds United,,Barnsley,,Elland Road,,,
,,,,,,,,,,,
45,Fri,2020-04-24,,QPR,,Millwall,,Loftus Road Stadium,,,
45,Fri,2020-04-24,,Barnsley,,Nott'ham Forest,,Oakwell Stadium,,,
45,Fri,2020-04-24,,Fulham,,Sheffield Weds,,Craven Cottage,,,
45,Fri,2020-04-24,,Preston,,Birmingham City,,Deepdale Stadium,,,
45,Fri,2020-04-24,,Charlton Ath,,Wigan Athletic,,The Valley,,,
45,Fri,2020-04-24,,Derby County,,Leeds United,,iPro Stadium,,,
45,Fri,2020-04-24,,Swansea City,,Bristol City,,Liberty Stadium,,,
45,Fri,2020-04-24,,Middlesbrough,,Cardiff City,,Riverside Stadium,,,
45,Fri,2020-04-24,,Stoke City,,Brentford,,Bet365 Stadium,,,
45,Fri,2020-04-24,,Hull City,,Luton Town,,Kingston Communications Stadium,,,
45,Fri,2020-04-24,,Blackburn,,Reading,,Ewood Park,,,
45,Fri,2020-04-24,,Huddersfield,,WBA,,The John Smith's Stadium,,,
,,,,,,,,,,,
46,Fri,2020-05-01,,Cardiff City,,Hull City,,Cardiff City Stadium,,,
46,Fri,2020-05-01,,Nott'ham Forest,,Stoke City,,The City Ground,,,
46,Fri,2020-05-01,,Luton Town,,Blackburn,,Kenilworth Road Stadium,,,
46,Fri,2020-05-01,,Reading,,Swansea City,,Madejski Stadium,,,
46,Fri,2020-05-01,,Millwall,,Huddersfield,,The Den,,,
46,Fri,2020-05-01,,WBA,,QPR,,The Hawthorns,,,
46,Fri,2020-05-01,,Wigan Athletic,,Fulham,,The DW Stadium,,,
46,Fri,2020-05-01,,Sheffield Weds,,Middlesbrough,,Hillsborough Stadium,,,
46,Fri,2020-05-01,,Brentford,,Barnsley,,Griffin Park,,,
46,Fri,2020-05-01,,Leeds United,,Charlton Ath,,Elland Road,,,
46,Fri,2020-05-01,,Birmingham City,,Derby County,,St Andrew's Trillion Trophy Stadium,,,
46,Fri,2020-05-01,,Bristol City,,Preston,,Ashton Gate Stadium,,,